name,RA,DEC,zlens
SDSSJ0114+0722,18.6598,7.3747,0.408
SDSSJ0246-0825,41.64204,-8.42669,0.723
SDSSJ0248+1913,42.2031,19.22528,measured
SDSSJ0256+0153,44.1697,1.8915,0.603
SDSSJ0737+4825,114.2863,48.4309,-
SDSSJ0746+4403,116.721,44.06425,0.513
SDSSJ0806+2006,121.59867,20.10874,0.573
SDSSJ0818+0601,124.6268,6.0271,1.01
SDSSJ0819+5356,124.99909,53.94018,0.294
SDSSJ0821+4542,125.4943,45.71233,0.349
SDSSJ0832+0404,128.0711,4.06789,0.659
SDSSJ0903+5028,135.89609,50.47213,0.388
SDSSJ0904+1512,136.01744,15.21507,-
SDSSJ0909+4449,137.43957,44.83183,0.9
SDSSJ0921+2854,140.3142,28.9124,0.445
SDSSJ0924+0219,141.23246,2.32358,0.393
SDSSJ0946+1835,146.52017,18.59453,0.388
SDSSJ1001+5027,150.36876,50.46595,0.415
SDSSJ1004+4112,151.14294,41.2118,0.68
SDSSJ1021+4913,155.29588,49.22508,0.451
SDSSJ1029+2623,157.30765,26.39171,0.584
SDSSJ1054+2733,163.67036,27.5517,0.23?
SDSSJ1055+4628,163.93938,46.4777,0.388
SDSSJ1128+2402,172.07704,24.03817,-
SDSSJ1131+1915,172.9908,19.25761,0.32?
SDSSJ1138+0314,174.51554,3.24939,0.445
SDSSJ1155+6346,178.82195,63.77265,0.176
SDSSJ1206+4332,181.62361,43.53856,0.748
SDSSJ1216+3529,184.19165,35.49478,0.55*
SDSSJ1226-0006,186.53342,-0.10061,0.517
SDSSJ1251+2935,192.78154,29.59458,0.41
SDSSJ1254+2235,193.57917,22.59334,0.3?
SDSSJ1254+1857,193.6681,18.95333,0.555
SDSSJ1258+1657,194.58017,16.95489,0.4?
SDSSJ1304+2001,196.18166,20.01805,0.4?
SDSSJ1313+5151,198.41675,51.85801,0.194
SDSSJ1320+1644*,200.24778,16.73437,0.899
SDSSJ1322+1052,200.65152,10.8778,0.55?
SDSSJ1330+3800,202.53058,38.012,-
SDSSJ1330+1810,202.57772,18.17581,0.373
SDSSJ1332+0347,203.09425,3.79442,0.191
SDSSJ1334+3315,203.50579,33.25953,0.557?
SDSSJ1335+0118,203.89496,1.30153,0.44
SDSSJ1339+1310,204.77999,13.1775,0.607
SDSSJ1349+1227,207.37472,12.45213,0.65?
SDSSJ1353+1138,208.27642,11.63464,0.25*
SDSSJ1400+3134,210.05341,31.58141,0.8?
SDSSJ1406+6126,211.60303,61.44446,0.27
SDSSJ1412+5204,213.04225,52.07305,-
SDSSJ1433+6007,218.345,60.121,0.407
SDSSJ1442+4055,220.7279,40.92656,0.284
SDSSJ1452+4224,223.04792,42.40822,0.382
SDSSJ1455+1447,223.75782,14.79301,0.42*
SDSSJ1458-0202,224.6984,-2.0348,-
SDSSJ1515+1511,228.9106,15.19309,0.742
SDSSJ1524+4409,231.19008,44.16375,0.32
SDSSJ1537+3014,234.39335,30.2485,0.49
SDSSJ1620+1203,245.10931,12.0613,0.398
SDSSJ1640+1932,250.19029,19.54921,0.195
SDSSJ1650+4251,252.681,42.86369,0.577?
SDSSJ2146-0047,326.6918,-0.7957,0.799
SDSSJ2222+2745,335.5354,27.7594,0.49
SDSS J0004-0103,1.216666667,-1.054388889,0.514
SDSS J0108+0624,17.175,6.412083333,0.5478
SDSS J0146-0929,26.73333333,-9.497888889,0.4469
SDSS J0150+2725,27.50416667,27.42672222,0.30619
SDSS J0333-0651,53.27083333,-6.856166667,0.5729
SDSS J0851+3331,132.9125,33.519675,0.3689
SDSS J0915+3826,138.9125,38.44965833,0.3961
SDSS J0928+2031,142.025,20.52376389,0.192
SDSS J0952+3434,148.1666667,34.57974722,0.357
SDSS J0957+0509,149.4125,5.158833333,0.4482
SDSS J1002+2031,150.6125,20.51739167,0.319
SDSS J1038+4849,159.6791667,48.82186944,0.4308
SDSS J1050+0017,162.6666667,0.285252778,0.5931
SDSS J1055+5547,163.7708333,55.80645278,0.466
SDSS J1110+6459,167.575,64.99639444,0.656
SDSS J1115+1645,168.7666667,16.76066667,0.537
SDSS J1138+2754,174.5375,27.90858333,0.451
SDSS J1152+0930,178.1958333,9.504038889,0.517
SDSS J1152+3313,178.0,33.22825556,0.3612
SDSS J1156+1911,179.025,19.18685556,0.54547
SDSS J1207+5254,181.9,52.91616667,0.275
SDSS J1209+2640,182.35,26.67958333,0.5606
SDSS J1329+2243,202.3916667,22.71673333,0.4427
SDSS J1336-0331,204.0,-3.524619444,0.17637
SDSS J1343+4155,205.8875,41.9178,0.418
SDSS J1420+3955,215.1625,39.91804444,0.607
SDSS J1439+1208,219.7916667,12.14020833,0.42734
SDSS J1456+5702,224.0041667,57.03905556,0.484
SDSS J1522+2535,230.7208333,25.59148889,0.602
SDSS J1527+0652,231.9375,6.875497222,0.392
SDSS J1531+3414,232.7958333,34.24025278,0.335
SDSS J1604+2244,241.0416667,22.73796944,0.286
SDSS J1621+0607,245.3833333,6.122180556,0.3429
SDSS J1632+3500,248.0416667,35.00837778,0.466
SDSS J1723+3411,260.9,34.199825,0.44227
SDSS J2111-0114,317.8291667,-1.239880556,0.6363
SDSS J2243-0935,340.8458333,-9.589277778,0.447
SDSSJ0026-0059,6.50767,-0.99611,0.0924
SDSSJ0058-1020,14.528,-10.337,0.3088
SDSSJ0105+0111,16.38942,1.18742,0.3584
SDSSJ0139-1035,24.88329,-10.58431,0.2221
SDSSJ0143-1006,25.98575,-10.10936,0.221
SDSSJ0152+1414,28.11571,14.24436,0.1359
SDSSJ0159-0006,29.87558,-0.10344,0.1584
SDSSJ0206+0115,31.74983,1.25481,0.1373
SDSSJ0207+0045,31.759,0.75644,0.0419
SDSSJ0314-0035,48.72312,-0.59136,0.1151
SDSSJ0324+0045,51.06454,0.75153,0.321
SDSSJ0324-0110,51.22712,-1.17475,0.4456
SDSSJ0329-0055,52.48733,-0.93144,0.1062
SDSSJ0330-0051,52.51033,-0.85908,0.3406
SDSSJ0739+3201,114.77558,32.02667,0.186
SDSSJ0753+3416,118.44254,34.27597,0.1371
SDSSJ0753+3839,118.27954,38.66086,0.0408
SDSSJ0754+1927,118.61883,19.45781,0.1534
SDSSJ0754+4202,118.50279,42.04672,0.3692
SDSSJ0755+1116,118.95217,11.28328,0.1378
SDSSJ0757+1956,119.45408,19.93786,0.1206
SDSSJ0813+0959,123.31637,9.99806,0.1565
SDSSJ0818+5410,124.67104,54.17125,0.1163
SDSSJ0824+2242,126.1535,22.70072,0.2802
SDSSJ0826+5630,126.66604,56.50997,0.1318
SDSSJ0831+1940,127.76425,19.68242,0.0876
SDSSJ0832+1334,128.15454,13.57975,0.3968
SDSSJ0844+2113,131.21342,21.22119,0.1779
SDSSJ0847+2348,131.86533,23.80542,0.1551
SDSSJ0847+2925,131.97908,29.42567,0.1001
SDSSJ0849+2031,132.46462,20.52508,0.0844
SDSSJ0851+0505,132.92454,5.08528,0.1276
SDSSJ0901+5541,135.44279,55.68386,0.1163
SDSSJ0902+5158,135.68583,51.97572,0.1366
SDSSJ0914+0508,138.63304,5.14919,0.1355
SDSSJ0920+3028,140.20117,30.47175,0.2881
SDSSJ0920+3605,140.17558,36.089,0.1844
SDSSJ0926+0722,141.67167,7.37844,0.0756
SDSSJ0932+6153,143.16333,61.89519,0.1235
SDSSJ0948+3357,147.09371,33.95886,0.0814
SDSSJ0953+2248,148.34962,22.80681,0.0761
SDSSJ0955+3014,148.98954,30.24747,0.3214
SDSSJ0956+5539,149.22846,55.66308,0.1959
SDSSJ1009+0153,152.39329,1.88478,0.3352
SDSSJ1010+3124,152.61162,31.40489,0.1668
SDSSJ1012+5531,153.21571,55.52364,0.1711
SDSSJ1024+4014,156.22079,40.24111,0.0636
SDSSJ1031+3026,157.83754,30.44942,0.1671
SDSSJ1031+4218,157.93304,42.31647,0.1193
SDSSJ1039+1555,159.91096,15.92197,0.0837
SDSSJ1040+3626,160.24375,36.44128,0.1225
SDSSJ1041+0112,160.34517,1.20669,0.1006
SDSSJ1048+1313,162.03912,13.23136,0.133
SDSSJ1051+4439,162.78912,44.65233,0.1634
SDSSJ1056+4141,164.24,41.68739,0.1343
SDSSJ1101+1523,165.30467,15.39431,0.178
SDSSJ1102+3655,165.51387,36.92494,0.0937
SDSSJ1103+3625,165.79521,36.43053,0.1567
SDSSJ1116+0729,169.17358,7.49597,0.1697
SDSSJ1119+1357,169.93479,13.96289,0.0678
SDSSJ1121+5822,170.44212,58.38161,0.1751
SDSSJ1122+4748,170.67221,47.80628,0.1092
SDSSJ1127+2312,171.91121,23.21231,0.1303
SDSSJ1129+1953,172.32021,19.89664,0.1323
SDSSJ1137+1818,174.36917,18.30342,0.1241
SDSSJ1138+1134,174.73537,11.57669,0.1821
SDSSJ1142+2509,175.65925,25.1515,0.164
SDSSJ1144+0436,176.16717,4.61403,0.1036
SDSSJ1148+3103,177.01104,31.05672,0.1425
SDSSJ1150+2944,177.74179,29.73833,0.2354
SDSSJ1203+1558,180.83454,15.98311,0.2649
SDSSJ1213+2930,183.2655,29.50622,0.0906
SDSSJ1229+1615,187.39942,16.25547,0.1207
SDSSJ1230+6519,187.72271,65.32075,0.1274
SDSSJ1235+3919,188.83112,39.33156,0.0623
SDSSJ1238+6709,189.71504,67.15778,0.2312
SDSSJ1242+0248,190.62133,2.81042,0.2056
SDSSJ1248+4458,192.13467,44.98214,0.2628
SDSSJ1258+3703,194.61429,37.06125,0.0733
SDSSJ1258-0259,194.62037,-2.99442,0.1111
SDSSJ1301+0834,195.36196,8.57367,0.0902
SDSSJ1306+5545,196.5645,55.76081,0.065
SDSSJ1310+0220,197.71421,2.33608,0.0665
SDSSJ1328+0156,202.06329,1.9425,0.1168
SDSSJ1330+1750,202.63079,17.84456,0.2074
SDSSJ1356+0601,209.24642,6.02744,0.1256
SDSSJ1400+2933,210.24562,29.55969,0.3407
SDSSJ1403+3309,210.79025,33.15492,0.0625
SDSSJ1405+1353,211.31962,13.89481,0.1331
SDSSJ1406+2528,211.58767,25.47969,0.1193
SDSSJ1422+0203,215.57812,2.0545,0.1104
SDSSJ1424+0109,216.24292,1.15361,0.3042
SDSSJ1425+0951,216.39804,9.85,0.1583
SDSSJ1430+6104,217.64483,61.068,0.1688
SDSSJ1433+2835,218.46508,28.58786,0.0912
SDSSJ1446+4943,221.57742,49.72689,0.1731
SDSSJ1451+2951,222.81842,29.85103,0.1249
SDSSJ1514+3003,228.56404,30.06164,0.0923
SDSSJ1514+3259,228.63725,32.99578,0.1124
SDSSJ1531+0652,232.80183,6.87033,0.2085
SDSSJ1541+3642,235.34275,36.70883,0.1406
SDSSJ1542+3214,235.70671,32.23569,0.0924
SDSSJ1543+2202,235.91642,22.03978,0.2681
SDSSJ1550+2020,237.54425,20.33708,0.1351
SDSSJ1553+3004,238.31721,30.07378,0.1604
SDSSJ1607+1545,241.86896,15.75236,0.1422
SDSSJ1607+2147,241.91871,21.78636,0.2089
SDSSJ1609+1805,242.43346,18.0845,0.1497
SDSSJ1610+4648,242.65012,46.81517,0.0462
SDSSJ1621+0552,245.27079,5.88039,0.1538
SDSSJ1629+1331,247.36479,13.52003,0.1223
SDSSJ1633+1441,248.434,14.69858,0.1281
SDSSJ2134+1043,323.61017,10.72031,0.229
SDSSJ2157+0004,329.41187,0.07136,0.1444
SDSSJ2211-0843,332.93171,-8.71956,0.0684
SDSSJ2309-0039,347.44317,-0.65358,0.2905
SDSSJ2324+0105,351.11567,1.09958,0.1899
SDSSJ2356+1427,359.19833,14.45506,0.1446
SDSSJ1029+2623,157.30808,26.38832,0.58
SDSSJ1456+5702 | [J145600+570229] | [J145600+570226] | [J145600+570228],224.00275,57.04064,0.484 | nan | nan | nan
SDSSJ0822+1828,125.61446,18.48217,0.1153
SDSSJ0832+0404,128.06667,4.06811,0.659
SDSSJ0919+3423,139.95417,34.38444,0.0375
SDSSJ1011+0143,152.87083,1.72314,0.331
SDSSJ1016+3859,154.09888,38.97775,0.16795
SDSSJ1347-0101,206.77067,-1.01764,0.3969
LRG | CSWA21 | 21.0 | SDSS J002240.9+143110,5.67046,14.51948,0.38 | 0.38 | 0.38 | 0.38
SDSSJ0820+4847 | J0820+4847,125.0536,48.79364,0.13091 | 0.131
J0915+4211 | SDSSJ0915+4211,138.81785,42.198,0.078 | 0.07846
SDSSJ1037+3517 | J1037+3517,159.43762,35.29194,0.12171 | 0.122
SDSSJ1117+4704 | J1117+4704,169.3974,47.06873,0.16888 | 0.169
J1135+3720 | SDSSJ1135+3720,173.77867,37.33997,0.162 | 0.16242
J1203+2535 | SDSSJ1203+2535,180.98471,25.59698,0.101 | 0.10112
J1331+3638 | SDSSJ1331+3638,202.91802,36.46999,0.113 | 0.11333
SDSSJ1703+2451 | J1703+2451,255.92279,24.8611,0.06287 | 0.063
SDSSJ085621.59+201040.5 | SDSSJ085621.59+201040.5,134.08996,20.17793,0.5074 | 0.5074
CSWA38 | 38.0 | SDSS J122651.7+215225,186.7154,21.87368,0.42 | 0.42 | 0.433
CSWA10 | 10.0 | SDSS J223831.3+131955,339.63044,13.33206,0.413 | 0.413 | 0.413
SDSSJ1152+0930,178.19742,9.50408,0.517
SDSSJ1315+5439,198.78875,54.63106,0.588
SDSSJ1420+3955 | [J142040+395513] | [J142040+395514] | [J142040+395508] | [J142040+395515] | [J142040+395507] | [J142041+395514] | [J142041+395513],215.16994,39.92004,0.607 | nan | nan | nan | nan | nan | nan | nan
SDSSJ1329+2243 | [J132934+224314] | [J132934+224318] | [J132934+224316] | [J132934+224304] | [J132934+224329] | [J132934+224317] | [J132935+224327] | [J132935+224321],202.39529,22.72194,0.443 | nan | nan | nan | nan | nan | nan | nan | nan
SDSSJ2243-0935 | [J224320-093525] | [J224320-093524] | [J224320-093523] | [J224320-093520] | [J224320-093521] | [J224321-093524] | [J224321-093522] | [J224321-093520],340.83618,-9.58994,0.447 | nan | nan | nan | nan | nan | nan | nan | nan
31.0 | SDSSJ0921+1810,140.35725,18.17148,0.683 | 0.6832
SDSSJ1115+1645 | SDSS J111504.4+164538 | DESI-168.7683+16.7607 | [J111504+164532] | [J111504+164526] | [J111504+164531],168.76842,16.75979,0.537 | 0.588 | 0.61965 | nan | nan | nan
CSWA39 | 39.0 | SDSS J1527+0652 | SDSS J152745.8+065233 | [J152745+065236] | [J152745+065232] | [J152745+065228],231.93912,6.87593,0.39 | 0.39 | 0.4 | 0.4 | nan | nan | nan
5730-56607-697 | SDSSJ091859.21+510452.5 | SDSSJ091859.21+510452.5,139.74671,51.08128,0.58 | 0.5811 | 0.5811
4622-55629-615 | SDSSJ111040.42+364924.4 | SDSSJ111040.42+364924.4,167.66846,36.82344,0.73 | 0.733 | 0.733
SDSSJ083727.02+493703.7 | 26 | J0837+4937,129.36258,49.61769,0.5513 | 0.551383 | 0.5514
J1345-0129 | 164 | SDSSJ134507.63-012939.8,206.28179,-1.49439,0.4883 | 0.488337 | 0.4884
J1615+2056 | 174 | SDSSJ161523.55+205636.3,243.84812,20.94342,0.5893 | 0.589339 | 0.5894
SDSSJ161846.74+193026.7 | 177 | J1618+1930,244.69475,19.50742,0.4906 | 0.490757 | 0.4908
SDSSJ1237+5533 | 13.0 | SDSS J123736.2+553343 | DESI-189.4008+55.5619,189.40082,55.56192,0.4099 | 0.41 | 0.41 | 0.427947999999999
DESI-190.1345+45.1508 | SDSS J124032.3+450902 | CSWA3 | 3.0,190.13453,45.15072,0.225563 | 0.251 | 0.274 | 0.274
DESI-118.8480+34.7610 | SDSSJ075523.52+344539.5 | SDSSJ075523.52+344539.5 | UNIONS J075523+344539 | AGEL 075524+344540,118.84798,34.761,0.7224 | 0.7224 | 0.7224 | nan | nan
DESI-173.3049+50.1444 | SDSS J113313.2+500840 | RXJ1133 | CSWA12 | 12.0,173.30495,50.1445,0.242596 | 0.37 | 0.394 | 0.394 | 0.394
SDSS J122718.7+172551 | DESI-186.8292+17.4324 | CSWA9 | 9.0 | AGEL 122719+172557,186.8284,17.43143,0.308 | 0.366 | 0.37 | 0.37 | nan
SDSSJ1306+0600 | SDSSJ1306+0600 | SDSSJ1306+0600,196.5569,6.00614,0.17297 | 0.173 | 0.173
SDSSJ1313+4615 | SDSSJ1313+4615 | SDSSJ1313+4615,198.26219,46.25378,0.18479 | 0.185 | 0.185
SDSSJ1318-0313 | SDSSJ1318-0313 | SDSSJ1318-0313,199.66388,-3.22618,0.23965 | 0.24 | 0.24
SDSSJ1319+1504 | SDSSJ1319+1504 | SDSSJ1319+1504,199.8854,15.0739,0.15369 | 0.154 | 0.154
SDSSJ1436+3640 | SDSSJ1436+3640 | SDSSJ1436+3640,219.02346,36.67976,0.18462 | 0.185 | 0.185
SDSSJ1644+2625 | SDSSJ1644+2625 | SDSSJ1644+2625,251.17952,26.42374,0.13682 | 0.137 | 0.137
SDSSJ1709+2324 | SDSSJ1709+2324 | SDSSJ1709+2324,257.41233,23.40234,0.34689 | 0.347 | 0.347
SDSSJ1719+2939 | SDSSJ1719+2939 | SDSSJ1719+2939,259.89233,29.65732,0.18073 | 0.181 | 0.181
SDSSJ0819+4534 | - | SDSSJ0819+4534,124.88304,45.57912,0.194 | 0.1943 | 0.19432
SDSSJ0959+4416 | - | SDSSJ0959+4416,149.75402,44.2776,0.23687 | 0.2369 | 0.237
SDSSJ1029+6115 | SDSSJ1029+6115 | -,157.36471,61.25146,0.157 | 0.15736 | 0.1574
- | SDSSJ1420+6019 | SDSSJ1420+6019,215.06604,60.32078,0.0629 | 0.06291 | 0.063
SDSSJ1432+6317 | - | SDSSJ1432+6317,218.05558,63.28438,0.123 | 0.123 | 0.123
- | SDSSJ1443+0304 | SDSSJ1443+0304,220.83175,3.06896,0.1338 | 0.13383 | 0.134
SDSSJ1614+4522 | - | SDSSJ1614+4522,243.65725,45.38148,0.17787 | 0.1779 | 0.178
SDSSJ1618+4353 | - | SDSSJ1618+4353,244.67958,43.89094,0.19883 | 0.1989 | 0.199
SDSSJ1718+6424 | - | SDSSJ1718+6424,259.6558,64.41451,0.08987 | 0.0899 | 0.09
SDSSJ2302-0840 | - | SDSSJ2302-0840,345.58408,-8.68041,0.09 | 0.0901 | 0.09012
- | SDSSJ0955+0101 | SDSSJ0955+0101 | J0955+0101,148.83217,1.029,0.1109 | 0.11093 | 0.111 | 0.111
SDSSJ1029+0420 | J1029+0420 | SDSSJ1029+0420 | -,157.34558,4.33384,0.104 | 0.104 | 0.10444 | 0.1045
SDSSJ1032+5322 | J1032+5322 | - | SDSSJ1032+5322,158.14936,53.37635,0.133 | 0.133 | 0.1334 | 0.1334
SDSSJ1103+5322 | J1103+5322 | - | SDSSJ1103+5322,165.78421,53.3745,0.158 | 0.158 | 0.1582 | 0.15824
SDSSJ2141-0001 | - | SDSSJ2141-0001 | J2141-0001,325.47782,-0.02008,0.138 | 0.138 | 0.138 | 0.138
26.0 | SDSS J111310.6+235639 | CSWA26 | SDSS J111310.65+235639.5 | DESI-168.2943+23.9443,168.29428,23.94426,0.336 | 0.336 | 0.3361 | 0.3361 | 0.33614
PS1J2343-0030 | SDSSJ2343-0030 | SDSSJ2343-0030 | SDSSJ2343-0030,355.99556,-0.50616,0.1807 | 0.18073 | 0.181 | 0.181
J0151+0049 | J0151+0049 | SDSSJ015107.37+004909.0 | SDSSJ0151+0049,27.78075,0.81917,0.517 | 0.517 | 0.5171 | 0.5171
J0801+4727 | J0801+4727 | SDSSJ080105.30+472749.6 | SDSSJ0801+4727,120.27208,47.46377,0.483 | 0.483 | 0.4831 | 0.4831
J1337+3620 | J1337+3620 | SDSSJ133751.31+362018.1 | SDSSJ1337+3620,204.46378,36.33836,0.564 | 0.564 | 0.5643 | 0.5643
SDSSJ160113.27+213833.9 | SDSSJ1601+2138 | J1601+2138 | J1601+2138,240.30533,21.64275,0.5435 | 0.5435 | 0.544 | 0.544
SDSSJ0008-0004 | - | J0008-0004 | J0008-0004 | SDSSJ0008-0004,2.01237,-0.06895,0.44 | 0.44 | 0.44 | 0.44 | 0.44
SDSSJ0029-0055 | - | J0029-0055 | J0029-0055 | SDSSJ0029-0055,7.28243,-0.9307,0.227 | 0.227 | 0.227 | 0.227 | 0.22704
SDSSJ0037-0942 | SDSSJ0037-0942 | - | J0037-0942 | J0037-0942,9.4711,-9.70508,0.195 | 0.19545 | 0.1955 | 0.196 | 0.196
SDSSJ0044+0113 | - | J0044+0113 | SDSSJ0044+0113 | J0044+0113,11.01208,1.22018,0.11958 | 0.1196 | 0.12 | 0.12 | 0.12
SDSSJ0109+1500 | - | J0109+1500 | SDSSJ0109+1500 | J0109+1500,17.39048,15.00903,0.29388 | 0.2939 | 0.294 | 0.294 | 0.294
SDSSJ0157-0056 | J0157-0056 | J0157-0056 | - | SDSSJ0157-0056,29.4955,-0.94058,0.513 | 0.513 | 0.513 | 0.5132 | 0.92428
SDSSJ0216-0813 | - | J0216-0813 | SDSSJ0216-0813 | J0216-0813,34.21886,-8.22926,0.33165 | 0.3317 | 0.332 | 0.332 | 0.332
SDSSJ0252+0039 | J0252+0039 | J0252+0039 | - | SDSSJ0252+0039,43.18836,0.66622,0.28 | 0.28 | 0.28 | 0.2803 | 0.2803
- | SDSSJ0330-0020 | J0330-0020 | SDSSJ0330-0020 | J0330-0020,52.5505,-0.34775,0.3507 | 0.35071 | 0.351 | 0.351 | 0.351
SDSSJ0405-0455 | J0405-0455 | J0405-0455 | SDSSJ0405-0455 | -,61.39752,-4.93122,0.075 | 0.075 | 0.075 | 0.07527 | 0.0753
SDSSJ0728+3835 | - | J0728+3835 | SDSSJ0728+3835 | J0728+3835,112.02069,38.59048,0.20576 | 0.2058 | 0.206 | 0.206 | 0.206
SDSSJ0737+3216 | J0737+3216 | J0737+3216 | - | SDSSJ0737+3216,114.36864,32.27183,0.322 | 0.322 | 0.322 | 0.3223 | 0.32234
SDSSJ0808+4706 | J0808+4706 | J0808+4706 | SDSSJ0808+4706 | -,122.24495,47.1108,0.219 | 0.219 | 0.219 | 0.21946 | 0.2195
SDSSJ0822+2652 | J0822+2652 | J0822+2652 | SDSSJ0822+2652 | -,125.6763,26.87875,0.241 | 0.241 | 0.241 | 0.24132 | 0.2414
SDSSJ0903+4116 | J0903+4116 | J0903+4116 | SDSSJ0903+4116 | -,135.81329,41.2692,0.43 | 0.43 | 0.43 | 0.43032 | 0.4304
SDSSJ0912+0029 | J0912+0029 | J0912+0029 | SDSSJ0912+0029 | -,138.02211,0.48367,0.164 | 0.164 | 0.164 | 0.16419 | 0.1642
SDSSJ0935-0003 | SDSSJ0935-0003 | - | J0935-0003 | J0935-0003,143.93298,-0.05967,0.347 | 0.34749 | 0.3475 | 0.348 | 0.348
- | SDSSJ0936+0913 | J0936+0913 | SDSSJ0936+0913 | J0936+0913,144.00327,9.22661,0.1897 | 0.1897 | 0.19 | 0.19 | 0.19
- | SDSSJ0946+1006 | J0946+1006 | SDSSJ0946+1006 | J0946+1006,146.73621,10.11467,0.2219 | 0.22193 | 0.222 | 0.222 | 0.222
J0956+5100 | J0956+5100 | - | SDSSJ0956+5100 | SDSSJ0956+5100,149.1241,51.00184,0.24 | 0.24 | 0.2405 | 0.24055 | 0.241
SDSSJ0959+0410 | SDSSJ0959+0410 | J0959+0410 | - | J0959+0410,149.93368,4.17139,0.12598 | 0.126 | 0.126 | 0.126 | 0.126
SDSSJ1020+1122 | J1020+1122 | J1020+1122 | SDSSJ1020+1122 | -,155.11053,11.37809,0.282 | 0.282 | 0.282 | 0.28219 | 0.2822
SDSSJ1023+4230 | J1023+4230 | J1023+4230 | SDSSJ1023+4230 | -,155.88446,42.50051,0.191 | 0.191 | 0.191 | 0.19114 | 0.1912
SDSSJ1100+5329 | J1100+5329 | J1100+5329 | - | SDSSJ1100+5329,165.10165,53.48719,0.317 | 0.317 | 0.317 | 0.3171 | 0.31712
SDSSJ1106+5228 | - | SDSSJ1106+5228 | J1106+5228 | J1106+5228,166.69222,52.47717,0.095 | 0.0955 | 0.09551 | 0.096 | 0.096
SDSSJ1112+0826 | SDSSJ1112+0826 | J1112+0826 | - | J1112+0826,168.21083,8.43622,0.27289 | 0.273 | 0.273 | 0.273 | 0.273
- | SDSSJ1134+6027 | J1134+6027 | SDSSJ1134+6027 | J1134+6027,173.52456,60.45375,0.1528 | 0.1528 | 0.153 | 0.153 | 0.153
- | SDSSJ1142+1001 | J1142+1001 | SDSSJ1142+1001 | J1142+1001,175.73888,10.01995,0.2218 | 0.22187 | 0.222 | 0.222 | 0.222
SDSSJ1153+4612 | - | J1153+4612 | SDSSJ1153+4612 | J1153+4612,178.29498,46.20147,0.17969 | 0.1797 | 0.18 | 0.18 | 0.18
SDSSJ1204+0358 | J1204+0358 | J1204+0358 | SDSSJ1204+0358 | -,181.18366,3.96844,0.164 | 0.164 | 0.164 | 0.16437 | 0.1644
SDSSJ1205+4910 | SDSSJ1205+4910 | J1205+4910 | - | J1205+4910,181.41842,49.17483,0.21498 | 0.215 | 0.215 | 0.215 | 0.215
SDSSJ1213+6708 | - | J1213+6708 | SDSSJ1213+6708 | J1213+6708,183.41914,67.14138,0.12285 | 0.1229 | 0.123 | 0.123 | 0.123
SDSSJ1218+0830 | - | J1218+0830 | J1218+0830 | SDSSJ1218+0830,184.61123,8.51398,0.135 | 0.135 | 0.135 | 0.135 | 0.13502
SDSSJ1250+0523 | - | J1250+0523 | SDSSJ1250+0523 | J1250+0523,192.61779,5.39697,0.23176 | 0.2318 | 0.232 | 0.232 | 0.232
SDSSJ1402+6321 | - | J1402+6321 | SDSSJ1402+6321 | J1402+6321,210.61754,63.35931,0.20456 | 0.2046 | 0.205 | 0.205 | 0.205
SDSSJ1416+5136 | - | J1416+5136 | SDSSJ1416+5136 | J1416+5136,214.09304,51.60845,0.29868 | 0.2987 | 0.299 | 0.299 | 0.299
SDSSJ1436-0000 | J1436-0000 | J1436-0000 | - | SDSSJ1436-0000,219.11466,-0.00811,0.285 | 0.285 | 0.285 | 0.2852 | 0.28521
SDSSJ1451-0239 | J1451-0239 | J1451-0239 | SDSSJ1451-0239 | -,222.86747,-2.66011,0.125 | 0.125 | 0.125 | 0.12533 | 0.1254
SDSSJ1525+3327 | J1525+3327 | J1525+3327 | SDSSJ1525+3327 | -,231.27792,33.46318,0.358 | 0.358 | 0.358 | 0.35829 | 0.3583
- | SDSSJ1531-0105 | J1531-0105 | SDSSJ1531-0105 | J1531-0105,232.95866,-1.09602,0.1596 | 0.15966 | 0.16 | 0.16 | 0.16
SDSSJ1538+5817 | - | J1538+5817 | SDSSJ1538+5817 | J1538+5817,234.55379,58.28606,0.14277 | 0.1428 | 0.143 | 0.143 | 0.143
SDSSJ1621+3931 | - | J1621+3931 | SDSSJ1621+3931 | J1621+3931,245.38747,39.52907,0.2448 | 0.2449 | 0.245 | 0.245 | 0.245
SDSSJ1627-0053 | - | J1627-0053 | SDSSJ1627-0053 | J1627-0053,246.9436,-0.89933,0.20758 | 0.2076 | 0.208 | 0.208 | 0.208
SDSSJ1630+4520 | - | J1630+4520 | SDSSJ1630+4520 | J1630+4520,247.61742,45.34342,0.24789 | 0.2479 | 0.248 | 0.248 | 0.248
SDSSJ1636+4707 | J1636+4707 | J1636+4707 | - | SDSSJ1636+4707,249.01087,47.12489,0.228 | 0.228 | 0.228 | 0.2282 | 0.2282
SDSSJ2238-0754 | J2238-0754 | J2238-0754 | SDSSJ2238-0754 | -,339.66709,-7.91556,0.137 | 0.137 | 0.137 | 0.137 | 0.1371
SDSSJ2300+0022 | J2300+0022 | J2300+0022 | SDSSJ2300+0022 | -,345.22152,0.37723,0.228 | 0.228 | 0.228 | 0.22847 | 0.2285
SDSSJ2303+1422 | J2303+1422 | J2303+1422 | SDSSJ2303+1422 | -,345.84047,14.37164,0.155 | 0.155 | 0.155 | 0.15529 | 0.1553
SDSSJ2321-0939 | - | J2321-0939 | SDSSJ2321-0939 | J2321-0939,350.33718,-9.65286,0.08185 | 0.0819 | 0.082 | 0.082 | 0.082
SDSSJ2341+0000 | SDSSJ2341+0000 | J2341+0000 | - | J2341+0000,355.29825,0.00519,0.18595 | 0.186 | 0.186 | 0.186 | 0.186
SDSSJ0827+5224,126.855,52.40975,0.29364
SDSSJ0919+2720,139.85925,27.34751,0.21017
SDSSJ1005+4016,151.34192,40.26947,0.23048
5463-56003-121 | DESI-217.4784+12.0433 | SDSSJ142954.80+120235.5,217.47838,12.04326,0.55 | 0.553082 | 0.5531
SDSSJ154204.99+401954.6 | 4976-56046-672 | DESI-235.5208+40.3319,235.5208,40.33187,0.4351 | 0.44 | 0.456826
DESI-341.2747+00.6718 | 4205-55454-645 | SDSSJ224505.93+004018.3,341.27471,0.67178,0.642586 | 0.7 | 0.7021
SDSSJ144320.72+334212.1 | 3865-55272-67,220.83637,33.70336,0.5786 | 0.58
SDSSJ134408.02+162127.9 | 5439-56045-109 | DESI-206.0349+16.3570,206.03415,16.3574,0.4957 | 0.5 | 0.514
DESI-133.6197+10.1374 | SDSS J085428.7+100814,133.61964,10.13731,0.297824 | 0.298
SDSS J120453.5+135753 | 12103548,181.22296,13.96476,0.533 | 0.5458613
SDSS J122656.8+052045 | 15637777,186.73664,5.34597,0.504 | 0.53656757
DESI-219.9855+32.8402 | SDSS J143956.5+325024,219.98546,32.8401,0.417564 | 0.418
DESI-339.8880-04.4883 | SDSS J223933.1-042917,339.88796,-4.48818,0.531812 | 0.553
DESI-345.0719+22.2249 | SDSS J230017.3+221329,345.072,22.22481,0.418162 | 0.444
SDSS J114723.3+333153 | 151987 | DESI-176.8472+33.5316,176.84714,33.53152,0.212 | 0.21203065 | 0.903
DESI-341.0206+27.9877 | SDSS J224405.0+275915 | AGEL 224405+275916,341.02066,27.9876,0.337267999999999 | 0.352 | nan
SDSS J224621.2+223337 | 15732937 | AGEL 224621+223338,341.58826,22.56042,0.571 | 0.77157146 | nan
SDSS J224712.3-020537 | CL2244 | DESI-341.8012-02.0939,341.8011,-2.09386,0.329 | 0.33 | 0.353517
SDSS J005848.9-072156 | DESI-014.7032-07.3658,14.70346,-7.36567,0.619 | 0.6379
SDSS J104044.6+330520 | 12481673 | 6086608 | DESI-160.1860+33.0889,160.1859,33.08892,0.615 | 0.64346457 | 0.64346457 | 0.6435
SDSS J1115+5319 | SDSSJ1115+5319,168.81188,53.33183,0.466 | 0.466
SDSS J1217+3641 | SDSSJ1217+3641,184.38308,36.68675,0.364 | 0.364
SDSSJ1446+3032 | SDSS J1446+3032,221.64175,30.5495,0.464 | 0.47
SDSS J090002.79+223403.6 | SDSSJ0900+2234 | 19.0 | SDSS J090002.6+223404,135.01115,22.56782,0.489 | 0.489 | 0.489 | 0.489
SDSS J090122.37+181432.3 | SDSSJ0901+1814 | 4.0 | SDSS J090122.4+181432,135.34325,18.24228,0.3459 | 0.3459 | 0.346 | 0.346
SDSS J131811.5+394226 | 37.0 | SDSSJ1318+3942 | SDSS J1318+3942,199.54794,39.70736,0.475 | 0.475 | 0.4751 | 0.4751
SDSSJ1632+3500 | [J163210+350038] | [J163210+350041],248.04278,35.01013,0.49 | nan | nan
SDSSJ2135-0102[J213512-010143] | DESI-323.8029-01.0288,323.80296,-1.02869,0.3272 | 0.502
DESI-214.8006+53.4366 | SDSS J141912.2+532611 | SL2SJ141912+532612 | SL2SJ141912+532612 | SL2SJ141912+532612 | SA102 | SL2SJ141912+532611,214.80036,53.43658,0.152702 | 0.638 | 0.65 | 0.65 | 0.65 | 0.69 | 0.69
SDSSJ1116+4118,169.04583,41.30597,0.25
SDSSJ1150+1016,177.57092,10.28138,0.28365
SDSSJ1246+0440,191.69,4.67361,0.16861
SDSSJ1446-0248,221.51096,-2.80775,0.20645
SDSSJ2156+1204,329.11312,12.06993,0.25695
SDSSJ2231-0849,337.78342,-8.82375,0.17473
SDSSJ0058-0722,14.69983,-7.36614,0.639
SDSSJ1228+3743 | J1228+3743,187.24838,37.73011,0.03993 | 0.04
J0821+1025 | SDSSJ0821+1025,125.48858,10.43226,0.094 | 0.09419
SDSSJ1321-0115 | J1321-0115,200.31608,-1.255,0.10773 | 0.108
SDSSJ1410+0205 | J1410+0205,212.57333,2.09115,0.12674 | 0.127
J1521+5805 | SDSSJ1521+5805,230.34937,58.09747,0.204 | 0.20423
J1556+3446 | SDSSJ1556+3446,239.05721,34.77497,0.073 | 0.07312
SDSSJ2210-0934 | J2210-0934,332.52392,-9.57112,0.08264 | 0.083
SDSS J034957.70+000427.60 | J0349+0004,57.49042,0.07433,0.13155 | 0.1316
SDSS J073325.27+441111.32 | J0733+4411,113.35529,44.18648,0.05558 | 0.0556
J0747+4323 | SDSS J074752.22+432300.60,116.96758,43.3835,0.1114 | 0.11144
SDSS J075106.24+472000.07 | J0751+4720,117.776,47.33335,0.07885 | 0.0789
11.0 | SDSSJ0800+0812,120.05442,8.20232,0.31 | 0.314
SDSS J082117.33+252930.73 | J0821+2529,125.32221,25.49187,0.09487 | 0.0949
SDSS J082519.86+172855.36 | J0825+1728,126.33275,17.48204,0.08898 | 0.089
SDSS J100202.5+602026 | SDSSJ1002+6020,150.51046,60.3406,0.573 | 0.575
J1027+3752 | SDSS J102726.54+375237.35,156.86058,37.87704,0.098 | 0.09802
J1059+5000 | SDSS J105953.06+500054.72,164.97108,50.0152,0.0257 | 0.02571
SDSS J110602.37+431024.50 | J1106+4310,166.50988,43.17347,0.05837 | 0.0584
SDSS J112034.12+464928.22 | J1120+4649,170.14217,46.82451,0.05355 | 0.0536
SDSS J112907.67+213509.63 | J1129+2135,172.28196,21.58601,0.04557 | 0.0456
J1436+4943 | SDSS J143607.49+494313.22,219.03121,49.72034,0.125 | 0.12538
SDSS J153101.12+285253.59 | J1531+2852,232.75467,28.88155,0.08275 | 0.0828
SDSS J161711.62+495751.83 | J1617+4957,244.29842,49.9644,0.05739 | 0.0574
SDSS J162526.09+395214.51 | J1625+3952,246.35871,39.8707,0.02907 | 0.0291
SDSS J162737.71+423817.63 | J1627+4238,246.90712,42.63823,0.03107 | 0.0311
SDSS J162920.74+394913.43 | J1629+3949,247.33642,39.8204,0.02608 | 0.0261
SDSS J164028.01+391912.42 | J1640+3919,250.11671,39.32012,0.03005 | 0.0301
J1700+3750 | SDSS J170007.17+375022.21,255.02987,37.8395,0.0633 | 0.0633
SDSS J173042.33+563821.79 | J1730+5638,262.67637,56.63939,0.02938 | 0.0294
SDSS J221101.52+122227.49 | J2211+1222,332.75633,12.3743,0.06139 | 0.0614
SDSS J170124.01+372258.09 | 173 | J1701+3722,255.35004,37.3828,0.12167 | 0.121696 | 0.122
SDSS J035725.22-052514.40 | 211 | J0357-0525,59.35508,-5.42067,0.06405 | 0.0640595 | 0.0641
J1307+4618 | 98 | SDSS J130701.21+461833.95,196.75506,46.30943,0.0245 | 0.0245064 | 0.02451
J1108+4337 | SDSS J110814.21+433729.34 | 76,167.05921,43.62482,0.0756 | 0.07561 | 0.075625
238 | SDSS J090138.81+274002.83 | J0901+2740,135.41171,27.66745,0.143728 | 0.14375 | 0.1438
J1448+5123 | SDSS J144835.21+512308.07 | 166,222.14671,51.38558,0.1315 | 0.13151 | 0.131517
J1318+4713 | SDSS J131826.10+471323.40 | 100,199.60875,47.22317,0.0571 | 0.05711 | 0.0571344
SDSS J162332.75+390715.95 | 172 | J1623+3907,245.88646,39.1211,0.03505 | 0.0350502 | 0.0351
J1649+3852 | SDSS J164943.29+385221.78 | 176,252.43036,38.87272,0.0615 | 0.0615 | 0.0615388
J0836+5402 | SDSS J083633.11+540229.27 | 63,129.13796,54.04146,0.0305 | 0.03052 | 0.0305561
J0845+5357 | 61 | SDSS J084531.60+535732.41,131.38167,53.959,0.0308 | 0.0308293 | 0.03083
147 | J1540+4835 | SDSS J154014.39+483529.51,235.05996,48.59153,0.0657984 | 0.0658 | 0.06582
J1543+3909 | SDSS J154307.00+390904.85 | 97,235.77917,39.15134,0.0638 | 0.06382 | 0.0638602
SDSS J072816.98+400502.78 | SDSS J072816.98+400502.78 | J0728+4005,112.07075,40.08411,0.04956 | 0.04956 | 0.0496
SDSS J112312.82+511109.19 | SDSS J112312.82+511109.19 | 219 | 220 | J1123+5111,170.80344,51.18589,0.04865 | 0.04865 | 0.0486868 | 0.0486868 | 0.0487
16.1 | SDSSJ1111+5308 | CSWA16.2 | 16.2,167.76456,53.14816,0.33 | 0.412 | 0.46 | 0.46
15.1 | SDSS J100859.8+193717 | SDSSJ1008+1937 | CSWA15.2 | 15.2,152.2486,19.62131,0.306 | 0.306 | 0.30606 | 0.465 | 0.465
SDSSJ1226+2149 | DESI-186.7130+21.8312,186.71298,21.8312,0.435 | 0.4378
SDSS J1531+3414 | SDSSJ1531+3414 | [J153109+341425] | [J153109+341428] | [J153110+341429] | [J153110+341428] | [J153110+341430] | [J153110+341407] | [J153110+341414] | [J153110+341434] | [J153110+341439] | [J153110+341415] | [J153110+341418] | [J153111+341418] | [J153111+341421] | [J153111+341420],232.79375,34.24018,0.335 | 0.335 | nan | nan | nan | nan | nan | nan | nan | nan | nan | nan | nan | nan | nan | nan
SDSSJ082130.66+373330.7 | SDSSJ0821+3733,125.37775,37.55853,0.5056 | 0.50563
SDSSJ094102.69-010402.5 | SDSSJ0941-0104,145.26121,-1.06736,0.461 | 0.91135
PS1J0143+1607 | SDSSJ0143+1607 | SDSS J014350.1+160739,25.95882,16.12769,0.39 | 0.415 | 0.452
DESI-121.8813+44.1801 | SDSSJ0807+4410 | SDSS J080731.5+441048,121.88128,44.18008,0.415 | 0.449 | 0.449
4315-55503-703 | SDSSJ011300.57+025046.2 | SDSSJ011300.57+025046.2,18.25242,2.84617,0.62 | 0.623 | 0.623
5369-56272-541 | SDSSJ111634.55+091503.0 | SDSSJ111634.55+091503.0,169.144,9.25085,0.55 | 0.5501 | 0.5501
SDSSJ002927.38+254401.7 | SDSSJ002927.38+254401.7 | 6281-56295-811,7.36412,25.73383,0.5869 | 0.5869 | 0.59
SDSSJ023740.63-064112.9 | SDSSJ023740.63-064112.9 | 4399-55811-149,39.41933,-6.68694,0.4859 | 0.4859 | 0.49
4440-55539-41 | SDSSJ074249.68+334148.9 | SDSSJ074249.68+334148.9,115.70702,33.69694,0.49 | 0.4936 | 0.4936
SDSSJ111027.11+280838.4 | SDSSJ111027.11+280838.4 | 6435-56341-855,167.61296,28.14402,0.6073 | 0.6073 | 0.61
SDSSJ114154.71+221628.8 | SDSSJ114154.71+221628.8 | 6422-56328-303,175.47796,22.27469,0.5858 | 0.5858 | 0.59
6672-56386-474 | SDSSJ120159.02+474323.2 | SDSSJ120159.02+474323.2,180.49596,47.72311,0.56 | 0.5628 | 0.5628
SDSSJ122656.45+545739.0 | SDSSJ122656.45+545739.0 | 6833-56413-181,186.73525,54.96085,0.498 | 0.498 | 0.5
5048-56218-801 | SDSSJ222825.76+120503.9 | SDSSJ222825.76+120503.9,337.10737,12.08443,0.53 | 0.5305 | 0.5305
SDSSJ0915-0055 | SDSSJ091516.60-005500.6 | 34,138.81917,-0.91684,0.40216 | 0.4022 | 0.402212
SDSSJ150345.69+322542.1 | 98 | SDSSJ1503+3225,225.94036,32.42835,0.6059 | 0.605917 | 0.606
SDSSJ145259.14+332349.4 | SDSSJ1452+33233 | 92,223.24642,33.39706,0.5602 | 0.5602 | 0.560269
SDSSJ084054.19+505153.1 | SDSSJ0840+5051 | 28,130.22579,50.86476,0.5534 | 0.5534 | 0.55359
SDSSJ084121.74+501720.4 | SDSSJ0841+5017 | 25,130.34058,50.289,0.5542 | 0.5542 | 0.554213
SDSSJ1344+3258 | 82 | SDSSJ134427.96+325824.6,206.1165,32.9735,0.47495 | 0.474968 | 0.475
SDSSJ153730.27+022036.9 | SDSSJ1537+0220 | 172,234.37612,2.34358,0.4825 | 0.48252 | 0.482562
47 | SDSSJ111737.72-013308.9 | J1117-0133,169.40717,-1.55248,0.466967 | 0.467 | 0.467
SDSSJ075754.10+431353.8 | 15 | J0757+4313,119.47542,43.23161,0.5146 | 0.514768 | 0.5148
SDSSJ162754.57+191004.9 | 176 | J1627+1910,246.97737,19.16802,0.5251 | 0.525188 | 0.5252
25.0 | SDSS J104943.82+442034.2 | CSWA25,162.43117,44.34303,0.23 | 0.2303 | 0.2303
SDSS J162954.56+352839.5 | CSWA27 | 27.0,247.47733,35.47764,0.17 | 0.17 | 0.17
SDSSJ020121.39+322829.6 | SDSSJ020121.39+322829.6 | 6425148 | 6605-56565-722,30.33917,32.47493,0.3957 | 0.3957 | 0.39570424 | 0.4
72 | 71 | SDSSJ1039-0014 | SDSSJ103941.16-001424.5,159.9215,-0.24014,0.384875 | 0.384875 | 0.3849 | 0.3849
44 | SDSSJ101658.29-020833.3 | SDSSJ1016-0208 | SDSS J1016-0208,154.24287,-2.14256,0.469879 | 0.4699 | 0.4699 | nan
SDSS J113740.1+493635 | 7.0 | CSWA7 | SDSS J113740.44+493635.8,174.41775,49.60987,0.448 | 0.448 | 0.4483 | 0.4483
SDSS J120602.09+514229.5 | CSWA6 | SDSS J120602.1+514229 | 6.0,181.50872,51.70815,0.422 | 0.422 | 0.422 | 0.433
SDSS J151118.7+471340 | SDSS J151118.74+471340.3 | CSWA24 | 24.0,227.82803,47.22784,0.451 | 0.4517 | 0.4517 | 0.452
SDSSJ1250-0135 | SDSSJ1250-0135 | -,192.7105,-1.59214,0.087 | 0.08707 | 0.0871
SDSSJ1259+6134 | SDSSJ1259+6134 | -,194.8294,61.56906,0.233 | 0.23324 | 0.2334
SDSSJ2347-0005 | - | SDSSJ2347-0005,356.867,-0.08924,0.4167 | 0.4169 | 0.417
- | SDSSJ1313+0506 | SDSSJ1313+0506 | J1313+0506,198.36125,5.1159,0.1438 | 0.14383 | 0.144 | 0.144
16 | SDSSJ074734.75+444859.3 | SDSSJ0747+4448 | J0747+4448 | J0747+4448,116.89486,44.81647,0.43641 | 0.4366 | 0.4366 | 0.437 | 0.437
42 | SDSSJ123427.99-024129.6 | J1234-0241 | J1234-0241 | SDSSJ1234-0241,188.61664,-2.69156,0.489979 | 0.49 | 0.49 | 0.49 | 0.49
J1318-0104 | J1318-0104 | SDSSJ131829.39-010421.6 | SDSSJ1318-0104 | 138,199.62247,-1.07268,0.659 | 0.659 | 0.6591 | 0.6591 | 0.659205
J1522+2910 | J1522+2910 | SDSSJ152209.54+291021.9 | SDSSJ1522+2910 | 124,230.53969,29.17275,0.555 | 0.555 | 0.5553 | 0.5553 | 0.555642
180 | SDSSJ163714.58+143930.1 | J1637+1439 | J1637+1439 | SDSSJ1637+1439,249.31079,14.65836,0.39081 | 0.391 | 0.391 | 0.391 | 0.391
J2122+0409 | J2122+0409 | SDSSJ212252.04+040935.5 | SDSSJ2122+0409 | 189,320.71678,4.15986,0.626 | 0.626 | 0.6261 | 0.6261 | 0.626107
J0830+5116 | J0830+5116 | SDSSJ083049.73+511631.8 | SDSSJ0830+5116 | 23,127.70717,51.2755,0.53 | 0.53 | 0.5301 | 0.5301 | 0.53021
J1541+1812 | J1541+1812 | 106 | SDSSJ154118.56+181235.1 | SDSSJ1541+1812,235.32739,18.20975,0.56 | 0.56 | 0.560255 | 0.5603 | 0.5603
J0747+5055 | J0747+5055 | SDSSJ074724.12+505537.5 | SDSSJ0747+5055 | 17,116.85046,50.92708,0.438 | 0.438 | 0.4384 | 0.4384 | 0.438442
79 | SDSSJ134910.30+361239.7 | SDSSJ1349+3612 | J1349+3612 | J1349+3612,207.29292,36.21103,0.439595 | 0.4396 | 0.4396 | 0.44 | 0.44
J1352+3216 | J1352+3216 | SDSSJ135218.99+321651.8 | SDSSJ1352+3216 | 87,208.07914,32.28106,0.463 | 0.463 | 0.4634 | 0.4634 | 0.4634
184 | SDSSJ161109.80+170526.6 | SDSSJ1611+1705 | J1611+1705 | J1611+1705,242.79083,17.09072,0.476591 | 0.4766 | 0.4766 | 0.477 | 0.477
178 | J1631+1854 | J1631+1854 | SDSSJ163150.33+185404.1 | SDSSJ1631+1854,247.95967,18.90114,0.407989 | 0.408 | 0.408 | 0.4081 | 0.4081
J1542+1629 | J1542+1629 | SDSSJ154246.33+162951.8 | SDSSJ1542+1629 | 103,235.693,16.49772,0.352 | 0.352 | 0.3521 | 0.3521 | 0.352109
SDSSJ122151.92+380610.5 | SDSSJ1221+3806 | 125 | J1221+3806 | J1221+3806,185.4663,38.10292,0.5348 | 0.5348 | 0.534827 | 0.535 | 0.535
115 | SDSSJ154503.57+274805.3 | SDSSJ1545+2748 | J1545+2748 | J1545+2748,236.26493,27.80147,0.521755 | 0.5218 | 0.5218 | 0.522 | 0.522
J2125+0411 | J2125+0411 | 188 | SDSSJ212510.67+041131.6 | SDSSJ2125+0411,321.2945,4.19211,0.363 | 0.363 | 0.363157 | 0.3632 | 0.3632
- | SDSSJ1330-0148 | J1330-0148 | SDSSJ1330-0148 | J1330-0148,202.68964,-1.81156,0.0808 | 0.08081 | 0.081 | 0.081 | 0.081
SDSSJ1430+4105 | SDSSJ1430+4105 | - | J1430+4105 | J1430+4105 | UNIONS J143004+410557,217.51704,41.09921,0.28492 | 0.285 | 0.285 | 0.285 | 0.285 | nan
SDSSJ0841+3824 | - | J0841+3824 | SDSSJ0841+3824 | J0841+3824 | J0841+3824,130.37002,38.40381,0.11588 | 0.1159 | 0.116 | 0.116 | 0.116 | 0.116
SDSSJ1251-0208 | J1251-0208 | J1251-0208 | J1251-0208 | nan | SDSSJ1251-0208,192.89876,-2.13478,0.224 | 0.224 | 0.224 | 0.224 | 0.2243 | 0.22432
SDSSJ1038-0024,159.74354,-0.41072,0.219
SDSSJ1325+4145,201.48046,41.75061,0.306
DESI-015.2049+18.3077 | SDSS J010049.2+181827,15.20496,18.3076,0.593 | 0.65
4107704 | SDSS J113829.2+155417,174.62162,15.90478,0.44985622 | 0.45
SDSS J130137.7+551917 | 3719888,195.40704,55.32148,0.606 | 0.61639947
DESI-202.9388+51.5753 | SDSS J133145.3+513431 | AGEL 133145+513431,202.93876,51.5753,0.282 | 0.283 | nan
SDSSJ014526.41-050035.5 | 7050-56573-273,26.36004,-5.00989,0.5696 | 0.57
5984-56337-923 | SDSSJ124300.16+262312.5,190.75069,26.38682,0.45 | 0.4504
4723-56033-445 | SDSSJ152851.87+310233.8,232.21612,31.04275,0.74 | 0.7426
3924-55332-559 | SDSSJ160324.84+203108.4,240.8535,20.51902,0.55 | 0.5527
6725-56390-772 | SDSSJ144317.83+510721.0 | 20180416v026-3,220.82433,51.12251,0.55 | 0.5501 | 0.5501
DESI-226.2950+17.3451 | SDSS J150510.8+172042,226.295,17.34505,0.483581 | 0.511
SDSSJ152105.06+254110.0 | 3960-55663-695,230.27112,25.68611,0.5987 | 0.6
DESI-320.8584+01.8867 | SDSS J212326.0+015312 | AGEL 212326+015312,320.85836,1.88669,0.52488 | 0.551 | nan
DESI-355.1190+29.7964 | SDSS J234028.5+294747 | J2340+2947,355.11986,29.79639,0.495635999999999 | 0.496 | nan
SDSSJ002123.23-042926.1 | 7037-56570-769,5.34679,-4.4906,0.5583 | 0.56
SDSSJ003338.97+042734.9 | 4418-55862-165,8.41237,4.45971,0.5264 | 0.53
5705-56194-259 | SDSSJ005948.32+160629.4,14.95133,16.10819,0.59 | 0.5946
SDSSJ013644.87-064656.6 | 7162-56605-731,24.187,-6.78241,0.6686 | 0.67
3606-55182-695 | SDSSJ015145.35-000001.3,27.939,-0.00036,0.49 | 0.4901
4657-55591-602 | SDSSJ015150.88+143037.3,27.96204,14.51038,0.56 | 0.5623
SDSSJ074816.73+445602.8 | 3676-55186-623,117.06975,44.93412,0.5394 | 0.54
SDSSJ074831.92+471014.4 | 3673-55178-795,117.133,47.17067,0.4387 | 0.44
4473-55589-231 | SDSSJ075057.45+221035.8,117.73937,22.17662,0.45 | 0.4516
SDSSJ075930.24+441245.5 | 3683-55178-662,119.87604,44.21266,0.4668 | 0.47
3691-55274-138 | SDSSJ081535.86+452133.5,123.89942,45.35932,0.56 | 0.5642
SDSSJ083052.16+212858.1 | 4478-55600-135,127.71737,21.48281,0.6195 | 0.62
SDSSJ084300.13+194742.6 | 5176-56221-583,130.75058,19.79518,0.6985 | 0.7
5712-56602-365 | SDSSJ091526.15+585155.3,138.85898,58.86537,0.78 | 0.7812
SDSSJ092133.07+363717.4 | 4644-55922-885,140.38781,36.6215,0.5558 | 0.56
SDSSJ093551.05+085130.3 | 5314-55952-733,143.96271,8.85842,0.4569 | 0.46
SDSSJ102901.22+472822.6 | 6659-56607-751,157.25512,47.47296,0.5696 | 0.57
5366-55958-259 | SDSSJ111544.57+084717.1,168.93571,8.7881,0.55 | 0.5523
4619-55599-680 | SDSSJ112558.59+335647.1,171.49412,33.94642,0.48 | 0.4824
SDSSJ113110.97+355020.7 | 4615-55618-399,172.79575,35.83909,0.4685 | 0.47
SDSSJ113938.99+165158.5 | 5891-56034-104,174.9125,16.86626,0.2791 | 0.28
SDSSJ122910.34+660924.4 | 7120-56720-417,187.29312,66.1568,0.5086 | 0.51
SDSSJ124132.92+253258.9 | 5984-56337-186,190.38717,25.5497,0.5372 | 0.54
SDSSJ124144.23+602441.0 | 6840-56685-377,190.43433,60.41141,0.5259 | 0.53
SDSSJ132525.47+393914.5 | 4707-55653-211,201.35612,39.65404,0.5082 | 0.51
6817-56455-897 | SDSSJ132808.67+615717.6,202.03617,61.9549,0.53 | 0.531
5896-56047-358 | SDSSJ141026.39+212852.3,212.61,21.48119,0.31 | 0.3135
SDSSJ141358.21+293240.4 | 6497-56329-271,213.49254,29.54456,0.4461 | 0.45
SDSSJ141613.97+301457.0 | 6497-56329-843,214.05821,30.24918,0.5666 | 0.57
SDSSJ142823.28+235839.2 | 6014-56072-764,217.09704,23.97756,0.466 | 0.47
4025-55350-449 | SDSSJ143133.29-004454.1,217.88875,-0.74838,0.44 | 0.44
5168-56035-693 | SDSSJ150256.13+382017.8,225.73388,38.3383,0.45 | 0.4531
SDSSJ151641.22+495440.7 | 6727-56369-967,229.17175,49.91133,0.5479 | 0.55
3952-55330-944 | SDSSJ154611.14+280542.5,236.54642,28.09516,0.3 | 0.3044
3946-55659-954 | SDSSJ155458.11+264630.7,238.74217,26.7752,0.29 | 0.2914
SDSSJ155821.52+265829.7 | 4725-55711-295,239.58967,26.97494,0.5788 | 0.58
3923-55325-932 | SDSSJ160007.29+145112.2,240.03042,14.8534,0.34 | 0.3416
SDSSJ165003.84+494249.8 | 6315-56181-654,252.51604,49.71384,0.3889 | 0.39
5004-55711-151 | SDSSJ173225.89+264240.3,263.10787,26.7112,0.5 | 0.5029
SDSSJ212047.63-000911.3 | 4192-55469-151,320.1985,-0.15315,0.547 | 0.55
SDSSJ214843.04+044436.1 | 4091-55498-227,327.17933,4.74336,0.6584 | 0.66
5960-56097-209 | SDSSJ215034.63+245016.5,327.64433,24.83792,0.5 | 0.5039
SDSSJ221321.15+090241.0 | 5068-55749-829,333.33812,9.04474,0.6295 | 0.63
5069-56211-141 | SDSSJ222151.54+072400.2,335.46477,7.40007,0.75 | 0.7507
6297-56218-817 | SDSSJ223333.16+272037.5,338.38819,27.34376,0.53 | 0.5324
6506-56564-729 | SDSSJ230217.65+302738.2,345.57354,30.46064,0.56 | 0.5612
6147-56239-163 | SDSSJ231731.62+115450.9,349.38177,11.91414,0.54 | 0.5448
6160-56190-854 | SDSSJ234617.29+090931.4,356.57204,9.15873,0.18 | 0.1817
6521-56537-324 | SDSSJ235212.72+214526.1,358.053,21.75727,0.51 | 0.5133
SDSSJ235356.11-083238.8 | 7166-56602-783,358.48379,-8.54413,0.479 | 0.48
7033-56565-181 | SDSSJ235525.24-052138.6,358.85521,-5.36073,0.49 | 0.4917
SDSSJ150114.60+304230.8 | 27445869,225.31088,30.70858,0.6384 | 0.6384281
SDSS J1414+2703 | DESI-213.6684+27.0535,213.66302,27.05296,0.46 | 0.477
DESI-356.9337+05.2235 | SDSS J234744.1+051324,356.93373,5.22342,0.4876 | 0.491
SDSSJ001213.49+173537.5,3.05621,17.59377,0.4911
SDSS J001331.9+351220,3.38292,35.20556,0.228
SDSSJ001620.58-061115.5,4.08575,-6.18766,0.3015
SDSS J002547.5+285329,6.44792,28.89139,0.342
SDSS J002556.3+362439,6.48458,36.41083,0.322
SDSS J002824.1+224802,7.10042,22.80056,0.449
SDSS J003237.3+073649,8.15542,7.61361,0.481
SDSS J005403.9+185504,13.51625,18.91778,0.477
SDSSJ005409.97+294450.8,13.54158,29.74747,0.4488
SDSS J005529.8+074114,13.87417,7.68722,0.366
SDSSJ005753.31+001600.7,14.47217,0.26686,0.4937
SDSSJ010701.12-030830.6,16.75471,-3.14185,0.2452
SDSSJ011120.66-031559.4,17.83608,-3.26651,0.448
SDSSJ012233.11-052239.9,20.638,-5.37778,0.6539
SDSSJ013148.59-053037.6,22.95246,-5.51045,0.4873
SDSSJ013914.73+044334.6,24.81137,4.7263,0.2437
SDSSJ014631.97-012514.6,26.63325,-1.42072,0.5213
SDSSJ015138.11+005559.1,27.90883,0.93311,0.4857
SDSSJ020103.73+161130.8,30.26554,16.19189,0.111
SDSS J020638.9+044803,31.66208,4.80083,0.268
SDSSJ074502.39+181601.9,116.26,18.26721,0.5397
SDSSJ074720.77+272914.9,116.83658,27.48749,0.2713
SDSSJ075902.52+441705.0,119.76054,44.28474,0.467
SDSSJ081627.70+530140.5,124.11546,53.02792,0.5333
SDSS J0821+2519,125.33862,25.3175,0.268
SDSSJ082350.26+425114.1,125.95942,42.85394,0.6034
SDSSJ082433.59+190704.5,126.14,19.11793,0.5213
SDSS J082728.4+223245,126.86833,22.54583,0.335
SDSS J082854.3+103408,127.22625,10.56889,0.312
SDSSJ083023.30+270017.9,127.59712,27.00497,0.5201
SDSSJ083324.57+151215.4,128.35238,15.20429,0.4501
SDSSJ084211.29+383125.6,130.54704,38.5238,0.5816
SDSSJ084246.17+362456.1,130.69237,36.41558,0.5169
SDSSJ084443.21+012504.3,131.18004,1.41787,0.5911
SDSSJ090254.78-005745.8,135.72829,-0.96274,0.5786
SDSSJ091727.90+250027.4,139.36629,25.00763,0.3261
SDSSJ092159.66+070014.5,140.49858,7.00404,0.5903
SDSSJ092335.14+190554.7,140.89642,19.09854,0.4387
SDSSJ093741.40-013203.8,144.4225,-1.53439,0.5094
SDSSJ100149.69+273647.1,150.45708,27.6131,0.6218
SDSS J1008+4529,152.22854,45.487,0.479
- | SDSSJ1016+3859 | J1016+3859 | J1016+3859,154.09533,38.98425,0.1679 | 0.168 | 0.168 | 0.168
SDSSJ101908.39+250436.5,154.78496,25.07681,0.6473
SDSSJ102529.98+424926.0,156.37496,42.8239,0.3413
SDSSJ102938.39+154743.8,157.40996,15.79551,0.5607
SDSSJ103117.27+262354.9,157.822,26.3986,0.5478
SDSS J1040+3405,160.08217,34.08883,0.445
SDSS J104601.1+104852,161.50458,10.81444,0.258
SDSSJ105018.46+090256.4,162.57696,9.04901,0.618
SDSSJ105222.56+472252.7,163.09404,47.38132,0.4747
SDSSJ105507.57+314126.4,163.78158,31.69069,0.5189
SDSS J105559.4+155514,163.9975,15.92056,0.284
SDSSJ105620.82+114637.0,164.08675,11.77695,0.4698
SDSSJ105752.35+064431.2,164.46817,6.74202,0.5961
SDSSJ105909.96+110215.1,164.7915,11.03754,0.5459
SDSSJ110148.19+523918.9,165.45083,52.65526,0.5821
SDSSJ110502.65+035223.8,166.26104,3.87329,0.4929
SDSS J110934.8+142953,167.395,14.49806,0.476
SDSSJ111152.93+381222.2,167.97058,38.20619,0.5274
SDSSJ111945.18+441146.0,169.93825,44.19613,0.6979
SDSSJ112159.89+525327.3,170.49954,52.89093,0.4655
SDSS J112229.5+212416,170.62292,21.40444,0.38
SDSSJ112327.36+305352.6,170.86404,30.89796,0.4306
SDSSJ112429.08+583124.9,171.12121,58.5236,0.196
SDSSJ112708.12+652920.2,171.78383,65.48894,0.5358
SDSS J1131+3554,172.792,35.90528,0.49
SDSS J113843.7+120802,174.68208,12.13389,0.177
SDSS J113912.9+165435,174.80375,16.90972,0.579
SDSSJ114358.81+505552.1,175.99504,50.93116,0.5236
SDSS J1150+0650,177.62621,6.83864,0.301
SDSS J115120.6+645530,177.83583,64.925,0.561
SDSSJ115136.39+233812.8,177.90167,23.6369,0.6404
SDSSJ115422.81-025127.8,178.59504,-2.85773,0.5628
SDSSJ120047.44+423744.9,180.19771,42.62914,0.3335
SDSSJ120708.31+354719.6,181.78467,35.7888,0.5757
SDSSJ121559.87+043217.7,183.99946,4.53826,0.4847
SDSSJ122107.55+091612.1,185.28146,9.27005,0.4847
SDSSJ122113.28-022037.8,185.30533,-2.34383,0.4061
SDSS J122221.6+241909,185.59,24.31917,0.501
SDSSJ122440.53+222048.7,186.16888,22.34687,0.5051
SDSSJ123248.00+622451.6,188.20004,62.41436,0.5796
SDSSJ123516.83-014605.4,188.82017,-1.76818,0.539
SDSS J1240+4250,190.12492,42.83558,0.406
SDSSJ125424.73+235639.9,193.60308,23.94443,0.6689
SDSS J1258+4702,194.50871,47.04839,0.32
SDSSJ125820.55+451139.1,194.58567,45.19422,0.4582
SDSSJ125847.45+072004.2,194.69775,7.33452,0.47
SDSSJ125928.05+612722.1,194.86692,61.45615,0.4981
SDSSJ125941.63+024445.7,194.9235,2.74604,0.335
SDSSJ130222.99+045135.2,195.59583,4.8598,0.4993
SDSSJ132159.23+301023.4,200.49679,30.17319,0.4468
SDSSJ132530.49+032328.3,201.37708,3.39121,0.4799
SDSS J133314.4+184637,203.31,18.77694,0.315
SDSSJ134225.98+444856.1,205.60825,44.81559,0.6208
SDSSJ134403.20+364645.7,206.01337,36.77937,0.4582
SDSSJ134535.17+470306.6,206.39658,47.05185,0.526
SDSS J140115.1-075014,210.31292,-7.83722,0.508
SDSSJ140455.24+460020.4,211.23021,46.00568,0.4588
SDSS J1406+3945,211.63633,39.76283,0.427
SDSSJ142006.70+320348.3,215.02792,32.06342,0.7268
SDSS J142040.9+400454,215.17042,40.08167,0.634
SDSSJ142516.87+142856.5,216.32029,14.48236,0.371
SDSSJ143316.32+511222.0,218.31804,51.20614,0.5323
SDSSJ143719.80+335056.1,219.33254,33.84893,0.4725
SDSSJ144021.10+200416.9,220.08796,20.07137,0.5452
SDSS J144355.0+585302,220.97917,58.88389,0.156
SDSSJ144431.48+371139.7,221.13117,37.19437,0.4873
SDSS J144823.2+450021,222.09667,45.00583,0.554
SDSSJ150221.28-001425.6,225.58867,-0.24045,0.6272
SDSS J150236.6+292053 | J1502+2920,225.65134,29.34778,0.554 | nan
SDSSJ151017.06+193935.8,227.57108,19.65996,0.5222
SDSSJ1513+0525,228.44279,5.42739,0.49
SDSSJ151921.73+242649.7,229.84054,24.44716,0.4608
SDSSJ152926.41+401548.8,232.36004,40.26357,0.5308
SDSSJ153635.76+024211.9,234.149,2.70331,0.5169
SDSS J1537+3926,234.46758,39.43608,0.444
SDSSJ153808.49+063010.6,234.53542,6.50297,0.5296
SDSSJ154533.14+114438.4,236.38812,11.74401,0.5087
SDSS J155719.4+270416,239.33083,27.07111,0.068
SDSS J1557+2131,239.43683,21.53036,0.427
SDSS 1602+4038,240.60283,40.64725,0.387
SDSSJ160348.28+443842.4,240.95117,44.64512,0.4823
SDSSJ161514.04+094650.7,243.8085,9.78076,0.4643
SDSS J162028.2-010236,245.1175,-1.04333,0.37
SDSSJ162432.12+524049.6,246.13387,52.68047,0.3707
SDSS J163415.8+250843,248.56583,25.14528,0.221
SDSS J172535.3+654153,261.39708,65.69806,0.519
SDSSJ172646.46+270324.9,261.69358,27.05692,0.5633
SDSS J1747+5428,266.84067,54.47053,0.31
SDSS J195835.3+595058,299.64708,59.84944,0.231
SDSS J210415.89-062024.7,316.06608,-6.34014,1.117
SDSSJ212932.71+080751.9,322.38633,8.1311,0.4139
SDSS J213340.5-050055,323.41875,-5.01528,0.316
SDSSJ221952.65+104226.6,334.96937,10.70739,0.5029
SDSSJ222234.29+200711.6,335.64287,20.11989,0.6448
SDSSJ223301.06+100921.6,338.25446,10.15602,0.5684
SDSSJ223622.28+272332.8,339.09283,27.39245,0.5299
SDSSJ223843.98+151959.4,339.68325,15.33319,0.5717
SDSSJ224704.56+162549.5,341.769,16.43042,0.2927
SDSSJ224746.60-024237.9,341.94417,-2.71053,0.4176
SDSSJ230827.85+311814.9,347.11604,31.30416,0.4096
SDSSJ230917.33+072438.6,347.32225,7.41074,0.5606
SDSSJ232231.78+144340.7,350.63246,14.72798,0.4522
SDSSJ233240.44+150308.2,353.1685,15.05228,0.5096
SDSSJ234653.04-032113.7,356.721,-3.35381,0.6154
SDSS J234924.0+053835,357.35,5.64306,0.692
SDSS J235335.0+254257,358.39583,25.71583,0.521
SDSSJ235508.04-052826.7,358.78354,-5.4741,0.5572
SDSSJ1527+0314,231.94871,3.24225,0.222
SDSS J140110.4+565420 | SA90 | SL2SJ140110+565421,210.29346,56.90563,0.493 | 0.53 | 0.53
5813-56363-341 | SDSSJ091807.86+451856.7 | SDSSJ091807.86+451856.7,139.53277,45.31577,0.52 | 0.5238 | 0.5238
1.0 | SDSS J114833.14+193003.2 | SDSSJ114833.14+193003.2,177.13808,19.50088,0.444 | 0.4457 | 0.4457
41.0 | SDSS J1450+3908 | SDSSJ1450+3908,222.62771,39.13865,0.289 | 0.2893 | 0.2893
SDSS J153713.2+655621 | SDSS J1537+6556 | SDSSJ1537+6556,234.305,65.93913,0.251 | 0.2595 | 0.2595
